[
{
  "model": "menus.menuitem",
  "pk": 1,
  "fields": {
    "sort_order": null,
    "link_title": "test",
    "link_url": "https://www.google.com",
    "link_page": null,
    "open_in_new_tab": true,
    "page": 1
  }
},
{
  "model": "menus.menuitem",
  "pk": 2,
  "fields": {
    "sort_order": 0,
    "link_title": "Events index",
    "link_url": "http://127.0.0.1:8000/",
    "link_page": 10,
    "open_in_new_tab": false,
    "page": 2
  }
},
{
  "model": "menus.menu",
  "pk": 1,
  "fields": {
    "title": "main-nav",
    "slug": "main-nav"
  }
},
{
  "model": "menus.menu",
  "pk": 2,
  "fields": {
    "title": "Events index",
    "slug": "events-index"
  }
},
{
  "model": "wagtailcore.site",
  "pk": 3,
  "fields": {
    "hostname": "localhost",
    "port": 8000,
    "site_name": "Mark's first play site",
    "root_page": 9,
    "is_default_site": true
  }
},
{
  "model": "wagtailcore.collection",
  "pk": 1,
  "fields": {
    "path": "0001",
    "depth": 1,
    "numchild": 0,
    "name": "Root"
  }
},
{
  "model": "contenttypes.contenttype",
  "pk": 1,
  "fields": {
    "app_label": "wagtailcore",
    "model": "page"
  }
},
{
  "model": "contenttypes.contenttype",
  "pk": 2,
  "fields": {
    "app_label": "home",
    "model": "homepage"
  }
},
{
  "model": "contenttypes.contenttype",
  "pk": 3,
  "fields": {
    "app_label": "wagtailadmin",
    "model": "admin"
  }
},
{
  "model": "contenttypes.contenttype",
  "pk": 4,
  "fields": {
    "app_label": "wagtaildocs",
    "model": "document"
  }
},
{
  "model": "contenttypes.contenttype",
  "pk": 5,
  "fields": {
    "app_label": "wagtailimages",
    "model": "image"
  }
},
{
  "model": "contenttypes.contenttype",
  "pk": 6,
  "fields": {
    "app_label": "events",
    "model": "eventindexpage"
  }
},
{
  "model": "contenttypes.contenttype",
  "pk": 7,
  "fields": {
    "app_label": "events",
    "model": "eventpage"
  }
},
{
  "model": "contenttypes.contenttype",
  "pk": 8,
  "fields": {
    "app_label": "menus",
    "model": "menu"
  }
},
{
  "model": "contenttypes.contenttype",
  "pk": 9,
  "fields": {
    "app_label": "menus",
    "model": "menuitem"
  }
},
{
  "model": "contenttypes.contenttype",
  "pk": 10,
  "fields": {
    "app_label": "wagtailforms",
    "model": "formsubmission"
  }
},
{
  "model": "contenttypes.contenttype",
  "pk": 11,
  "fields": {
    "app_label": "wagtailredirects",
    "model": "redirect"
  }
},
{
  "model": "contenttypes.contenttype",
  "pk": 12,
  "fields": {
    "app_label": "wagtailembeds",
    "model": "embed"
  }
},
{
  "model": "contenttypes.contenttype",
  "pk": 13,
  "fields": {
    "app_label": "wagtailusers",
    "model": "userprofile"
  }
},
{
  "model": "contenttypes.contenttype",
  "pk": 14,
  "fields": {
    "app_label": "wagtailimages",
    "model": "rendition"
  }
},
{
  "model": "contenttypes.contenttype",
  "pk": 15,
  "fields": {
    "app_label": "wagtailsearch",
    "model": "query"
  }
},
{
  "model": "contenttypes.contenttype",
  "pk": 16,
  "fields": {
    "app_label": "wagtailsearch",
    "model": "querydailyhits"
  }
},
{
  "model": "contenttypes.contenttype",
  "pk": 17,
  "fields": {
    "app_label": "wagtailcore",
    "model": "grouppagepermission"
  }
},
{
  "model": "contenttypes.contenttype",
  "pk": 18,
  "fields": {
    "app_label": "wagtailcore",
    "model": "pagerevision"
  }
},
{
  "model": "contenttypes.contenttype",
  "pk": 19,
  "fields": {
    "app_label": "wagtailcore",
    "model": "pageviewrestriction"
  }
},
{
  "model": "contenttypes.contenttype",
  "pk": 20,
  "fields": {
    "app_label": "wagtailcore",
    "model": "site"
  }
},
{
  "model": "contenttypes.contenttype",
  "pk": 21,
  "fields": {
    "app_label": "wagtailcore",
    "model": "collection"
  }
},
{
  "model": "contenttypes.contenttype",
  "pk": 22,
  "fields": {
    "app_label": "wagtailcore",
    "model": "groupcollectionpermission"
  }
},
{
  "model": "contenttypes.contenttype",
  "pk": 23,
  "fields": {
    "app_label": "wagtailcore",
    "model": "collectionviewrestriction"
  }
},
{
  "model": "contenttypes.contenttype",
  "pk": 24,
  "fields": {
    "app_label": "taggit",
    "model": "tag"
  }
},
{
  "model": "contenttypes.contenttype",
  "pk": 25,
  "fields": {
    "app_label": "taggit",
    "model": "taggeditem"
  }
},
{
  "model": "contenttypes.contenttype",
  "pk": 26,
  "fields": {
    "app_label": "admin",
    "model": "logentry"
  }
},
{
  "model": "contenttypes.contenttype",
  "pk": 27,
  "fields": {
    "app_label": "auth",
    "model": "permission"
  }
},
{
  "model": "contenttypes.contenttype",
  "pk": 28,
  "fields": {
    "app_label": "auth",
    "model": "group"
  }
},
{
  "model": "contenttypes.contenttype",
  "pk": 29,
  "fields": {
    "app_label": "auth",
    "model": "user"
  }
},
{
  "model": "contenttypes.contenttype",
  "pk": 30,
  "fields": {
    "app_label": "contenttypes",
    "model": "contenttype"
  }
},
{
  "model": "contenttypes.contenttype",
  "pk": 31,
  "fields": {
    "app_label": "sessions",
    "model": "session"
  }
},
{
  "model": "sessions.session",
  "pk": "a18altupmlr17ctmbs15f76kcaujkal2",
  "fields": {
    "session_data": "MTI1M2QxYjQzM2FjODZmNDYzNjM4NTNhZTFlMzBlYTkwODM5N2VmMDp7Il9hdXRoX3VzZXJfaWQiOiIxIiwiX2F1dGhfdXNlcl9iYWNrZW5kIjoiZGphbmdvLmNvbnRyaWIuYXV0aC5iYWNrZW5kcy5Nb2RlbEJhY2tlbmQiLCJfYXV0aF91c2VyX2hhc2giOiJmOWFkOWRkYjExMTUzNGI3OTI2NjVhY2U1NGQwMDZkY2EwOGI4NjU3Iiwid2FndGFpbC1wcmV2aWV3LWV2ZW50cyxldmVudGluZGV4cGFnZSwzIjpbImNzcmZtaWRkbGV3YXJldG9rZW49dXBteU1qYm11bm9vQVZTOHpRblF4cjNKNjRWWk5uWjhPaVBOWnY5WUQwcE0ySGN6YzFNS2I4a1RUUE1mV29yaiZuZXh0PSZ0aXRsZT1DSStQVUcrZXZlbnRzJmludHJvPSU3QiUyMmJsb2NrcyUyMiUzQSU1QiU3QiUyMmtleSUyMiUzQSUyMnlzb3F3JTIyJTJDJTIydGV4dCUyMiUzQSUyMkhlcmUrYXJlK2FsbCt0aGUrZXZlbnRzJTIyJTJDJTIydHlwZSUyMiUzQSUyMnVuc3R5bGVkJTIyJTJDJTIyZGVwdGglMjIlM0EwJTJDJTIyaW5saW5lU3R5bGVSYW5nZXMlMjIlM0ElNUIlNUQlMkMlMjJlbnRpdHlSYW5nZXMlMjIlM0ElNUIlNUQlMkMlMjJkYXRhJTIyJTNBJTdCJTdEJTdEJTVEJTJDJTIyZW50aXR5TWFwJTIyJTNBJTdCJTdEJTdEJnNsdWc9Y2ktcHVnLWV2ZW50cyZzZW9fdGl0bGU9JnNlYXJjaF9kZXNjcmlwdGlvbj0mZ29fbGl2ZV9hdD0mZXhwaXJlX2F0PSIsMTU3MzI0ODIwNy41Nzc3MTY4XSwid2FndGFpbC1wcmV2aWV3LTMiOlsiY3NyZm1pZGRsZXdhcmV0b2tlbj1Pc3pyMHppS3NLdDEwa2hnN0M4WHZ3d3lBVFdqQXh3bDhsMkdkTGdtQm51cHM2QkhLTnhSOWROSW5FTnpKeVl3Jm5leHQ9JnRpdGxlPUhvbWUmYm9keT0lN0IlMjJibG9ja3MlMjIlM0ElNUIlN0IlMjJrZXklMjIlM0ElMjJmYno2byUyMiUyQyUyMnRleHQlMjIlM0ElMjJUaGlzK2lzK3RoZStob21lK3BhZ2UlMjIlMkMlMjJ0eXBlJTIyJTNBJTIydW5zdHlsZWQlMjIlMkMlMjJkZXB0aCUyMiUzQTAlMkMlMjJpbmxpbmVTdHlsZVJhbmdlcyUyMiUzQSU1QiU1RCUyQyUyMmVudGl0eVJhbmdlcyUyMiUzQSU1QiU1RCUyQyUyMmRhdGElMjIlM0ElN0IlN0QlN0QlNUQlMkMlMjJlbnRpdHlNYXAlMjIlM0ElN0IlN0QlN0Qmc2x1Zz1ob21lJnNlb190aXRsZT0mc2VhcmNoX2Rlc2NyaXB0aW9uPSZnb19saXZlX2F0PSZleHBpcmVfYXQ9IiwxNTczMjQ5MDM0LjY4MDUwMzFdfQ==",
    "expire_date": "2019-11-22T21:37:14.691Z"
  }
},
{
  "model": "auth.permission",
  "pk": 1,
  "fields": {
    "name": "Can access Wagtail admin",
    "content_type": 3,
    "codename": "access_admin"
  }
},
{
  "model": "auth.permission",
  "pk": 2,
  "fields": {
    "name": "Can add document",
    "content_type": 4,
    "codename": "add_document"
  }
},
{
  "model": "auth.permission",
  "pk": 3,
  "fields": {
    "name": "Can change document",
    "content_type": 4,
    "codename": "change_document"
  }
},
{
  "model": "auth.permission",
  "pk": 4,
  "fields": {
    "name": "Can delete document",
    "content_type": 4,
    "codename": "delete_document"
  }
},
{
  "model": "auth.permission",
  "pk": 5,
  "fields": {
    "name": "Can add image",
    "content_type": 5,
    "codename": "add_image"
  }
},
{
  "model": "auth.permission",
  "pk": 6,
  "fields": {
    "name": "Can change image",
    "content_type": 5,
    "codename": "change_image"
  }
},
{
  "model": "auth.permission",
  "pk": 7,
  "fields": {
    "name": "Can delete image",
    "content_type": 5,
    "codename": "delete_image"
  }
},
{
  "model": "auth.permission",
  "pk": 8,
  "fields": {
    "name": "Can add home page",
    "content_type": 2,
    "codename": "add_homepage"
  }
},
{
  "model": "auth.permission",
  "pk": 9,
  "fields": {
    "name": "Can change home page",
    "content_type": 2,
    "codename": "change_homepage"
  }
},
{
  "model": "auth.permission",
  "pk": 10,
  "fields": {
    "name": "Can delete home page",
    "content_type": 2,
    "codename": "delete_homepage"
  }
},
{
  "model": "auth.permission",
  "pk": 11,
  "fields": {
    "name": "Can view home page",
    "content_type": 2,
    "codename": "view_homepage"
  }
},
{
  "model": "auth.permission",
  "pk": 12,
  "fields": {
    "name": "Can add event index page",
    "content_type": 6,
    "codename": "add_eventindexpage"
  }
},
{
  "model": "auth.permission",
  "pk": 13,
  "fields": {
    "name": "Can change event index page",
    "content_type": 6,
    "codename": "change_eventindexpage"
  }
},
{
  "model": "auth.permission",
  "pk": 14,
  "fields": {
    "name": "Can delete event index page",
    "content_type": 6,
    "codename": "delete_eventindexpage"
  }
},
{
  "model": "auth.permission",
  "pk": 15,
  "fields": {
    "name": "Can view event index page",
    "content_type": 6,
    "codename": "view_eventindexpage"
  }
},
{
  "model": "auth.permission",
  "pk": 16,
  "fields": {
    "name": "Can add event page",
    "content_type": 7,
    "codename": "add_eventpage"
  }
},
{
  "model": "auth.permission",
  "pk": 17,
  "fields": {
    "name": "Can change event page",
    "content_type": 7,
    "codename": "change_eventpage"
  }
},
{
  "model": "auth.permission",
  "pk": 18,
  "fields": {
    "name": "Can delete event page",
    "content_type": 7,
    "codename": "delete_eventpage"
  }
},
{
  "model": "auth.permission",
  "pk": 19,
  "fields": {
    "name": "Can view event page",
    "content_type": 7,
    "codename": "view_eventpage"
  }
},
{
  "model": "auth.permission",
  "pk": 20,
  "fields": {
    "name": "Can add menu",
    "content_type": 8,
    "codename": "add_menu"
  }
},
{
  "model": "auth.permission",
  "pk": 21,
  "fields": {
    "name": "Can change menu",
    "content_type": 8,
    "codename": "change_menu"
  }
},
{
  "model": "auth.permission",
  "pk": 22,
  "fields": {
    "name": "Can delete menu",
    "content_type": 8,
    "codename": "delete_menu"
  }
},
{
  "model": "auth.permission",
  "pk": 23,
  "fields": {
    "name": "Can view menu",
    "content_type": 8,
    "codename": "view_menu"
  }
},
{
  "model": "auth.permission",
  "pk": 24,
  "fields": {
    "name": "Can add menu item",
    "content_type": 9,
    "codename": "add_menuitem"
  }
},
{
  "model": "auth.permission",
  "pk": 25,
  "fields": {
    "name": "Can change menu item",
    "content_type": 9,
    "codename": "change_menuitem"
  }
},
{
  "model": "auth.permission",
  "pk": 26,
  "fields": {
    "name": "Can delete menu item",
    "content_type": 9,
    "codename": "delete_menuitem"
  }
},
{
  "model": "auth.permission",
  "pk": 27,
  "fields": {
    "name": "Can view menu item",
    "content_type": 9,
    "codename": "view_menuitem"
  }
},
{
  "model": "auth.permission",
  "pk": 28,
  "fields": {
    "name": "Can add form submission",
    "content_type": 10,
    "codename": "add_formsubmission"
  }
},
{
  "model": "auth.permission",
  "pk": 29,
  "fields": {
    "name": "Can change form submission",
    "content_type": 10,
    "codename": "change_formsubmission"
  }
},
{
  "model": "auth.permission",
  "pk": 30,
  "fields": {
    "name": "Can delete form submission",
    "content_type": 10,
    "codename": "delete_formsubmission"
  }
},
{
  "model": "auth.permission",
  "pk": 31,
  "fields": {
    "name": "Can view form submission",
    "content_type": 10,
    "codename": "view_formsubmission"
  }
},
{
  "model": "auth.permission",
  "pk": 32,
  "fields": {
    "name": "Can add redirect",
    "content_type": 11,
    "codename": "add_redirect"
  }
},
{
  "model": "auth.permission",
  "pk": 33,
  "fields": {
    "name": "Can change redirect",
    "content_type": 11,
    "codename": "change_redirect"
  }
},
{
  "model": "auth.permission",
  "pk": 34,
  "fields": {
    "name": "Can delete redirect",
    "content_type": 11,
    "codename": "delete_redirect"
  }
},
{
  "model": "auth.permission",
  "pk": 35,
  "fields": {
    "name": "Can view redirect",
    "content_type": 11,
    "codename": "view_redirect"
  }
},
{
  "model": "auth.permission",
  "pk": 36,
  "fields": {
    "name": "Can add embed",
    "content_type": 12,
    "codename": "add_embed"
  }
},
{
  "model": "auth.permission",
  "pk": 37,
  "fields": {
    "name": "Can change embed",
    "content_type": 12,
    "codename": "change_embed"
  }
},
{
  "model": "auth.permission",
  "pk": 38,
  "fields": {
    "name": "Can delete embed",
    "content_type": 12,
    "codename": "delete_embed"
  }
},
{
  "model": "auth.permission",
  "pk": 39,
  "fields": {
    "name": "Can view embed",
    "content_type": 12,
    "codename": "view_embed"
  }
},
{
  "model": "auth.permission",
  "pk": 40,
  "fields": {
    "name": "Can add user profile",
    "content_type": 13,
    "codename": "add_userprofile"
  }
},
{
  "model": "auth.permission",
  "pk": 41,
  "fields": {
    "name": "Can change user profile",
    "content_type": 13,
    "codename": "change_userprofile"
  }
},
{
  "model": "auth.permission",
  "pk": 42,
  "fields": {
    "name": "Can delete user profile",
    "content_type": 13,
    "codename": "delete_userprofile"
  }
},
{
  "model": "auth.permission",
  "pk": 43,
  "fields": {
    "name": "Can view user profile",
    "content_type": 13,
    "codename": "view_userprofile"
  }
},
{
  "model": "auth.permission",
  "pk": 44,
  "fields": {
    "name": "Can view document",
    "content_type": 4,
    "codename": "view_document"
  }
},
{
  "model": "auth.permission",
  "pk": 45,
  "fields": {
    "name": "Can view image",
    "content_type": 5,
    "codename": "view_image"
  }
},
{
  "model": "auth.permission",
  "pk": 46,
  "fields": {
    "name": "Can add rendition",
    "content_type": 14,
    "codename": "add_rendition"
  }
},
{
  "model": "auth.permission",
  "pk": 47,
  "fields": {
    "name": "Can change rendition",
    "content_type": 14,
    "codename": "change_rendition"
  }
},
{
  "model": "auth.permission",
  "pk": 48,
  "fields": {
    "name": "Can delete rendition",
    "content_type": 14,
    "codename": "delete_rendition"
  }
},
{
  "model": "auth.permission",
  "pk": 49,
  "fields": {
    "name": "Can view rendition",
    "content_type": 14,
    "codename": "view_rendition"
  }
},
{
  "model": "auth.permission",
  "pk": 50,
  "fields": {
    "name": "Can add query",
    "content_type": 15,
    "codename": "add_query"
  }
},
{
  "model": "auth.permission",
  "pk": 51,
  "fields": {
    "name": "Can change query",
    "content_type": 15,
    "codename": "change_query"
  }
},
{
  "model": "auth.permission",
  "pk": 52,
  "fields": {
    "name": "Can delete query",
    "content_type": 15,
    "codename": "delete_query"
  }
},
{
  "model": "auth.permission",
  "pk": 53,
  "fields": {
    "name": "Can view query",
    "content_type": 15,
    "codename": "view_query"
  }
},
{
  "model": "auth.permission",
  "pk": 54,
  "fields": {
    "name": "Can add Query Daily Hits",
    "content_type": 16,
    "codename": "add_querydailyhits"
  }
},
{
  "model": "auth.permission",
  "pk": 55,
  "fields": {
    "name": "Can change Query Daily Hits",
    "content_type": 16,
    "codename": "change_querydailyhits"
  }
},
{
  "model": "auth.permission",
  "pk": 56,
  "fields": {
    "name": "Can delete Query Daily Hits",
    "content_type": 16,
    "codename": "delete_querydailyhits"
  }
},
{
  "model": "auth.permission",
  "pk": 57,
  "fields": {
    "name": "Can view Query Daily Hits",
    "content_type": 16,
    "codename": "view_querydailyhits"
  }
},
{
  "model": "auth.permission",
  "pk": 58,
  "fields": {
    "name": "Can add page",
    "content_type": 1,
    "codename": "add_page"
  }
},
{
  "model": "auth.permission",
  "pk": 59,
  "fields": {
    "name": "Can change page",
    "content_type": 1,
    "codename": "change_page"
  }
},
{
  "model": "auth.permission",
  "pk": 60,
  "fields": {
    "name": "Can delete page",
    "content_type": 1,
    "codename": "delete_page"
  }
},
{
  "model": "auth.permission",
  "pk": 61,
  "fields": {
    "name": "Can view page",
    "content_type": 1,
    "codename": "view_page"
  }
},
{
  "model": "auth.permission",
  "pk": 62,
  "fields": {
    "name": "Can add group page permission",
    "content_type": 17,
    "codename": "add_grouppagepermission"
  }
},
{
  "model": "auth.permission",
  "pk": 63,
  "fields": {
    "name": "Can change group page permission",
    "content_type": 17,
    "codename": "change_grouppagepermission"
  }
},
{
  "model": "auth.permission",
  "pk": 64,
  "fields": {
    "name": "Can delete group page permission",
    "content_type": 17,
    "codename": "delete_grouppagepermission"
  }
},
{
  "model": "auth.permission",
  "pk": 65,
  "fields": {
    "name": "Can view group page permission",
    "content_type": 17,
    "codename": "view_grouppagepermission"
  }
},
{
  "model": "auth.permission",
  "pk": 66,
  "fields": {
    "name": "Can add page revision",
    "content_type": 18,
    "codename": "add_pagerevision"
  }
},
{
  "model": "auth.permission",
  "pk": 67,
  "fields": {
    "name": "Can change page revision",
    "content_type": 18,
    "codename": "change_pagerevision"
  }
},
{
  "model": "auth.permission",
  "pk": 68,
  "fields": {
    "name": "Can delete page revision",
    "content_type": 18,
    "codename": "delete_pagerevision"
  }
},
{
  "model": "auth.permission",
  "pk": 69,
  "fields": {
    "name": "Can view page revision",
    "content_type": 18,
    "codename": "view_pagerevision"
  }
},
{
  "model": "auth.permission",
  "pk": 70,
  "fields": {
    "name": "Can add page view restriction",
    "content_type": 19,
    "codename": "add_pageviewrestriction"
  }
},
{
  "model": "auth.permission",
  "pk": 71,
  "fields": {
    "name": "Can change page view restriction",
    "content_type": 19,
    "codename": "change_pageviewrestriction"
  }
},
{
  "model": "auth.permission",
  "pk": 72,
  "fields": {
    "name": "Can delete page view restriction",
    "content_type": 19,
    "codename": "delete_pageviewrestriction"
  }
},
{
  "model": "auth.permission",
  "pk": 73,
  "fields": {
    "name": "Can view page view restriction",
    "content_type": 19,
    "codename": "view_pageviewrestriction"
  }
},
{
  "model": "auth.permission",
  "pk": 74,
  "fields": {
    "name": "Can add site",
    "content_type": 20,
    "codename": "add_site"
  }
},
{
  "model": "auth.permission",
  "pk": 75,
  "fields": {
    "name": "Can change site",
    "content_type": 20,
    "codename": "change_site"
  }
},
{
  "model": "auth.permission",
  "pk": 76,
  "fields": {
    "name": "Can delete site",
    "content_type": 20,
    "codename": "delete_site"
  }
},
{
  "model": "auth.permission",
  "pk": 77,
  "fields": {
    "name": "Can view site",
    "content_type": 20,
    "codename": "view_site"
  }
},
{
  "model": "auth.permission",
  "pk": 78,
  "fields": {
    "name": "Can add collection",
    "content_type": 21,
    "codename": "add_collection"
  }
},
{
  "model": "auth.permission",
  "pk": 79,
  "fields": {
    "name": "Can change collection",
    "content_type": 21,
    "codename": "change_collection"
  }
},
{
  "model": "auth.permission",
  "pk": 80,
  "fields": {
    "name": "Can delete collection",
    "content_type": 21,
    "codename": "delete_collection"
  }
},
{
  "model": "auth.permission",
  "pk": 81,
  "fields": {
    "name": "Can view collection",
    "content_type": 21,
    "codename": "view_collection"
  }
},
{
  "model": "auth.permission",
  "pk": 82,
  "fields": {
    "name": "Can add group collection permission",
    "content_type": 22,
    "codename": "add_groupcollectionpermission"
  }
},
{
  "model": "auth.permission",
  "pk": 83,
  "fields": {
    "name": "Can change group collection permission",
    "content_type": 22,
    "codename": "change_groupcollectionpermission"
  }
},
{
  "model": "auth.permission",
  "pk": 84,
  "fields": {
    "name": "Can delete group collection permission",
    "content_type": 22,
    "codename": "delete_groupcollectionpermission"
  }
},
{
  "model": "auth.permission",
  "pk": 85,
  "fields": {
    "name": "Can view group collection permission",
    "content_type": 22,
    "codename": "view_groupcollectionpermission"
  }
},
{
  "model": "auth.permission",
  "pk": 86,
  "fields": {
    "name": "Can add collection view restriction",
    "content_type": 23,
    "codename": "add_collectionviewrestriction"
  }
},
{
  "model": "auth.permission",
  "pk": 87,
  "fields": {
    "name": "Can change collection view restriction",
    "content_type": 23,
    "codename": "change_collectionviewrestriction"
  }
},
{
  "model": "auth.permission",
  "pk": 88,
  "fields": {
    "name": "Can delete collection view restriction",
    "content_type": 23,
    "codename": "delete_collectionviewrestriction"
  }
},
{
  "model": "auth.permission",
  "pk": 89,
  "fields": {
    "name": "Can view collection view restriction",
    "content_type": 23,
    "codename": "view_collectionviewrestriction"
  }
},
{
  "model": "auth.permission",
  "pk": 90,
  "fields": {
    "name": "Can add Tag",
    "content_type": 24,
    "codename": "add_tag"
  }
},
{
  "model": "auth.permission",
  "pk": 91,
  "fields": {
    "name": "Can change Tag",
    "content_type": 24,
    "codename": "change_tag"
  }
},
{
  "model": "auth.permission",
  "pk": 92,
  "fields": {
    "name": "Can delete Tag",
    "content_type": 24,
    "codename": "delete_tag"
  }
},
{
  "model": "auth.permission",
  "pk": 93,
  "fields": {
    "name": "Can view Tag",
    "content_type": 24,
    "codename": "view_tag"
  }
},
{
  "model": "auth.permission",
  "pk": 94,
  "fields": {
    "name": "Can add Tagged Item",
    "content_type": 25,
    "codename": "add_taggeditem"
  }
},
{
  "model": "auth.permission",
  "pk": 95,
  "fields": {
    "name": "Can change Tagged Item",
    "content_type": 25,
    "codename": "change_taggeditem"
  }
},
{
  "model": "auth.permission",
  "pk": 96,
  "fields": {
    "name": "Can delete Tagged Item",
    "content_type": 25,
    "codename": "delete_taggeditem"
  }
},
{
  "model": "auth.permission",
  "pk": 97,
  "fields": {
    "name": "Can view Tagged Item",
    "content_type": 25,
    "codename": "view_taggeditem"
  }
},
{
  "model": "auth.permission",
  "pk": 98,
  "fields": {
    "name": "Can add log entry",
    "content_type": 26,
    "codename": "add_logentry"
  }
},
{
  "model": "auth.permission",
  "pk": 99,
  "fields": {
    "name": "Can change log entry",
    "content_type": 26,
    "codename": "change_logentry"
  }
},
{
  "model": "auth.permission",
  "pk": 100,
  "fields": {
    "name": "Can delete log entry",
    "content_type": 26,
    "codename": "delete_logentry"
  }
},
{
  "model": "auth.permission",
  "pk": 101,
  "fields": {
    "name": "Can view log entry",
    "content_type": 26,
    "codename": "view_logentry"
  }
},
{
  "model": "auth.permission",
  "pk": 102,
  "fields": {
    "name": "Can add permission",
    "content_type": 27,
    "codename": "add_permission"
  }
},
{
  "model": "auth.permission",
  "pk": 103,
  "fields": {
    "name": "Can change permission",
    "content_type": 27,
    "codename": "change_permission"
  }
},
{
  "model": "auth.permission",
  "pk": 104,
  "fields": {
    "name": "Can delete permission",
    "content_type": 27,
    "codename": "delete_permission"
  }
},
{
  "model": "auth.permission",
  "pk": 105,
  "fields": {
    "name": "Can view permission",
    "content_type": 27,
    "codename": "view_permission"
  }
},
{
  "model": "auth.permission",
  "pk": 106,
  "fields": {
    "name": "Can add group",
    "content_type": 28,
    "codename": "add_group"
  }
},
{
  "model": "auth.permission",
  "pk": 107,
  "fields": {
    "name": "Can change group",
    "content_type": 28,
    "codename": "change_group"
  }
},
{
  "model": "auth.permission",
  "pk": 108,
  "fields": {
    "name": "Can delete group",
    "content_type": 28,
    "codename": "delete_group"
  }
},
{
  "model": "auth.permission",
  "pk": 109,
  "fields": {
    "name": "Can view group",
    "content_type": 28,
    "codename": "view_group"
  }
},
{
  "model": "auth.permission",
  "pk": 110,
  "fields": {
    "name": "Can add user",
    "content_type": 29,
    "codename": "add_user"
  }
},
{
  "model": "auth.permission",
  "pk": 111,
  "fields": {
    "name": "Can change user",
    "content_type": 29,
    "codename": "change_user"
  }
},
{
  "model": "auth.permission",
  "pk": 112,
  "fields": {
    "name": "Can delete user",
    "content_type": 29,
    "codename": "delete_user"
  }
},
{
  "model": "auth.permission",
  "pk": 113,
  "fields": {
    "name": "Can view user",
    "content_type": 29,
    "codename": "view_user"
  }
},
{
  "model": "auth.permission",
  "pk": 114,
  "fields": {
    "name": "Can add content type",
    "content_type": 30,
    "codename": "add_contenttype"
  }
},
{
  "model": "auth.permission",
  "pk": 115,
  "fields": {
    "name": "Can change content type",
    "content_type": 30,
    "codename": "change_contenttype"
  }
},
{
  "model": "auth.permission",
  "pk": 116,
  "fields": {
    "name": "Can delete content type",
    "content_type": 30,
    "codename": "delete_contenttype"
  }
},
{
  "model": "auth.permission",
  "pk": 117,
  "fields": {
    "name": "Can view content type",
    "content_type": 30,
    "codename": "view_contenttype"
  }
},
{
  "model": "auth.permission",
  "pk": 118,
  "fields": {
    "name": "Can add session",
    "content_type": 31,
    "codename": "add_session"
  }
},
{
  "model": "auth.permission",
  "pk": 119,
  "fields": {
    "name": "Can change session",
    "content_type": 31,
    "codename": "change_session"
  }
},
{
  "model": "auth.permission",
  "pk": 120,
  "fields": {
    "name": "Can delete session",
    "content_type": 31,
    "codename": "delete_session"
  }
},
{
  "model": "auth.permission",
  "pk": 121,
  "fields": {
    "name": "Can view session",
    "content_type": 31,
    "codename": "view_session"
  }
},
{
  "model": "auth.group",
  "pk": 1,
  "fields": {
    "name": "Moderators",
    "permissions": [
      1,
      2,
      3,
      4,
      5,
      6,
      7
    ]
  }
},
{
  "model": "auth.group",
  "pk": 2,
  "fields": {
    "name": "Editors",
    "permissions": [
      1,
      2,
      3,
      4,
      5,
      6,
      7
    ]
  }
},
{
  "model": "auth.user",
  "pk": 1,
  "fields": {
    "password": "pbkdf2_sha256$150000$Qu2yAU4KvgjM$iAAaHHYRb8h8XMtuCUwgOnWpkCRZJ3+Re7w8jfFvuzw=",
    "last_login": "2019-11-08T21:20:36.653Z",
    "is_superuser": true,
    "username": "cipug",
    "first_name": "",
    "last_name": "",
    "email": "mrm198@hotmail.com",
    "is_staff": true,
    "is_active": true,
    "date_joined": "2019-11-08T21:20:04.237Z",
    "groups": [],
    "user_permissions": []
  }
},
{
  "model": "wagtailcore.groupcollectionpermission",
  "pk": 1,
  "fields": {
    "group": 2,
    "collection": 1,
    "permission": 2
  }
},
{
  "model": "wagtailcore.groupcollectionpermission",
  "pk": 2,
  "fields": {
    "group": 1,
    "collection": 1,
    "permission": 2
  }
},
{
  "model": "wagtailcore.groupcollectionpermission",
  "pk": 3,
  "fields": {
    "group": 2,
    "collection": 1,
    "permission": 3
  }
},
{
  "model": "wagtailcore.groupcollectionpermission",
  "pk": 4,
  "fields": {
    "group": 1,
    "collection": 1,
    "permission": 3
  }
},
{
  "model": "wagtailcore.groupcollectionpermission",
  "pk": 5,
  "fields": {
    "group": 2,
    "collection": 1,
    "permission": 5
  }
},
{
  "model": "wagtailcore.groupcollectionpermission",
  "pk": 6,
  "fields": {
    "group": 1,
    "collection": 1,
    "permission": 5
  }
},
{
  "model": "wagtailcore.groupcollectionpermission",
  "pk": 7,
  "fields": {
    "group": 2,
    "collection": 1,
    "permission": 6
  }
},
{
  "model": "wagtailcore.groupcollectionpermission",
  "pk": 8,
  "fields": {
    "group": 1,
    "collection": 1,
    "permission": 6
  }
},
{
  "model": "wagtailcore.grouppagepermission",
  "pk": 1,
  "fields": {
    "group": 1,
    "page": 1,
    "permission_type": "add"
  }
},
{
  "model": "wagtailcore.grouppagepermission",
  "pk": 2,
  "fields": {
    "group": 1,
    "page": 1,
    "permission_type": "edit"
  }
},
{
  "model": "wagtailcore.grouppagepermission",
  "pk": 3,
  "fields": {
    "group": 1,
    "page": 1,
    "permission_type": "publish"
  }
},
{
  "model": "wagtailcore.grouppagepermission",
  "pk": 4,
  "fields": {
    "group": 2,
    "page": 1,
    "permission_type": "add"
  }
},
{
  "model": "wagtailcore.grouppagepermission",
  "pk": 5,
  "fields": {
    "group": 2,
    "page": 1,
    "permission_type": "edit"
  }
},
{
  "model": "wagtailcore.grouppagepermission",
  "pk": 6,
  "fields": {
    "group": 1,
    "page": 1,
    "permission_type": "lock"
  }
},
{
  "model": "wagtailcore.pagerevision",
  "pk": 7,
  "fields": {
    "page": 9,
    "submitted_for_moderation": false,
    "created_at": "2019-11-08T22:52:39.304Z",
    "user": 1,
    "content_json": "{\"pk\": 9, \"path\": \"00010001\", \"depth\": 2, \"numchild\": 0, \"title\": \"Test\", \"draft_title\": \"Test\", \"slug\": \"test\", \"content_type\": 2, \"live\": true, \"has_unpublished_changes\": false, \"url_path\": \"/test/\", \"owner\": 1, \"seo_title\": \"\", \"show_in_menus\": false, \"search_description\": \"\", \"go_live_at\": null, \"expire_at\": null, \"expired\": false, \"locked\": false, \"first_published_at\": null, \"last_published_at\": null, \"latest_revision_created_at\": null, \"live_revision\": null, \"body\": \"<p>Test2</p>\"}",
    "approved_go_live_at": null
  }
},
{
  "model": "wagtailcore.pagerevision",
  "pk": 8,
  "fields": {
    "page": 9,
    "submitted_for_moderation": false,
    "created_at": "2019-11-14T06:31:19.333Z",
    "user": 1,
    "content_json": "{\"pk\": 9, \"path\": \"00010001\", \"depth\": 2, \"numchild\": 0, \"title\": \"Cipug home page\", \"draft_title\": \"Test\", \"slug\": \"home\", \"content_type\": 2, \"live\": true, \"has_unpublished_changes\": false, \"url_path\": \"/test/\", \"owner\": 1, \"seo_title\": \"\", \"show_in_menus\": false, \"search_description\": \"\", \"go_live_at\": null, \"expire_at\": null, \"expired\": false, \"locked\": false, \"first_published_at\": \"2019-11-08T22:52:39.321Z\", \"last_published_at\": \"2019-11-08T22:52:39.321Z\", \"latest_revision_created_at\": \"2019-11-08T22:52:39.304Z\", \"live_revision\": 7, \"body\": \"<p>thi sis cipug webpage</p>\"}",
    "approved_go_live_at": null
  }
},
{
  "model": "wagtailcore.pagerevision",
  "pk": 9,
  "fields": {
    "page": 10,
    "submitted_for_moderation": false,
    "created_at": "2019-11-14T06:54:33.400Z",
    "user": 1,
    "content_json": "{\"pk\": 10, \"path\": \"000100010001\", \"depth\": 3, \"numchild\": 0, \"title\": \"Events index\", \"draft_title\": \"Events index\", \"slug\": \"events-index\", \"content_type\": 6, \"live\": true, \"has_unpublished_changes\": false, \"url_path\": \"/home/events-index/\", \"owner\": 1, \"seo_title\": \"\", \"show_in_menus\": false, \"search_description\": \"\", \"go_live_at\": null, \"expire_at\": null, \"expired\": false, \"locked\": false, \"first_published_at\": null, \"last_published_at\": null, \"latest_revision_created_at\": null, \"live_revision\": null, \"intro\": \"<p>Summary of events</p>\"}",
    "approved_go_live_at": null
  }
},
{
  "model": "wagtailcore.pagerevision",
  "pk": 10,
  "fields": {
    "page": 11,
    "submitted_for_moderation": false,
    "created_at": "2019-11-14T06:55:10.564Z",
    "user": 1,
    "content_json": "{\"pk\": 11, \"path\": \"0001000100010001\", \"depth\": 4, \"numchild\": 0, \"title\": \"Event 1\", \"draft_title\": \"Event 1\", \"slug\": \"event-1\", \"content_type\": 7, \"live\": true, \"has_unpublished_changes\": false, \"url_path\": \"/home/events-index/event-1/\", \"owner\": 1, \"seo_title\": \"\", \"show_in_menus\": false, \"search_description\": \"\", \"go_live_at\": null, \"expire_at\": null, \"expired\": false, \"locked\": false, \"first_published_at\": null, \"last_published_at\": null, \"latest_revision_created_at\": null, \"live_revision\": null, \"date\": \"2019-08-05\", \"place\": \"Waterfront\", \"agenda\": \"<p>agenda stuff</p>\", \"notes\": \"<p>blah</p>\", \"resources\": \"<p>blah</p>\", \"attended\": 5}",
    "approved_go_live_at": null
  }
},
{
  "model": "wagtailcore.pagerevision",
  "pk": 11,
  "fields": {
    "page": 12,
    "submitted_for_moderation": false,
    "created_at": "2019-11-14T06:55:39.638Z",
    "user": 1,
    "content_json": "{\"pk\": 12, \"path\": \"0001000100010002\", \"depth\": 4, \"numchild\": 0, \"title\": \"Awesome event\", \"draft_title\": \"Awesome event\", \"slug\": \"awesome-event\", \"content_type\": 7, \"live\": true, \"has_unpublished_changes\": false, \"url_path\": \"/home/events-index/awesome-event/\", \"owner\": 1, \"seo_title\": \"\", \"show_in_menus\": false, \"search_description\": \"\", \"go_live_at\": null, \"expire_at\": null, \"expired\": false, \"locked\": false, \"first_published_at\": null, \"last_published_at\": null, \"latest_revision_created_at\": null, \"live_revision\": null, \"date\": \"2019-09-10\", \"place\": \"Water\", \"agenda\": \"<p>Stuff</p>\", \"notes\": \"<p>Stuff</p>\", \"resources\": \"<p>Stuff</p>\", \"attended\": 1}",
    "approved_go_live_at": null
  }
},
{
  "model": "wagtailcore.pagerevision",
  "pk": 12,
  "fields": {
    "page": 13,
    "submitted_for_moderation": false,
    "created_at": "2019-11-14T06:56:13.003Z",
    "user": 1,
    "content_json": "{\"pk\": 13, \"path\": \"0001000100010003\", \"depth\": 4, \"numchild\": 0, \"title\": \"Future event 11 Dec\", \"draft_title\": \"Future event 11 Dec\", \"slug\": \"future-event-11-dec\", \"content_type\": 7, \"live\": true, \"has_unpublished_changes\": false, \"url_path\": \"/home/events-index/future-event-11-dec/\", \"owner\": 1, \"seo_title\": \"\", \"show_in_menus\": false, \"search_description\": \"\", \"go_live_at\": null, \"expire_at\": null, \"expired\": false, \"locked\": false, \"first_published_at\": null, \"last_published_at\": null, \"latest_revision_created_at\": null, \"live_revision\": null, \"date\": \"2019-12-11\", \"place\": \"Water\", \"agenda\": \"<p>Stuff</p>\", \"notes\": \"<p>Stuff</p>\", \"resources\": \"<p>Stuff</p>\", \"attended\": null}",
    "approved_go_live_at": null
  }
},
{
  "model": "wagtailcore.pagerevision",
  "pk": 13,
  "fields": {
    "page": 14,
    "submitted_for_moderation": false,
    "created_at": "2019-11-14T06:56:42.439Z",
    "user": 1,
    "content_json": "{\"pk\": 14, \"path\": \"0001000100010004\", \"depth\": 4, \"numchild\": 0, \"title\": \"OK Event\", \"draft_title\": \"OK Event\", \"slug\": \"ok-event\", \"content_type\": 7, \"live\": true, \"has_unpublished_changes\": false, \"url_path\": \"/home/events-index/ok-event/\", \"owner\": 1, \"seo_title\": \"\", \"show_in_menus\": false, \"search_description\": \"\", \"go_live_at\": null, \"expire_at\": null, \"expired\": false, \"locked\": false, \"first_published_at\": null, \"last_published_at\": null, \"latest_revision_created_at\": null, \"live_revision\": null, \"date\": \"2019-11-05\", \"place\": \"OFfice\", \"agenda\": \"<p>Stuff</p>\", \"notes\": \"<p>Stuff</p>\", \"resources\": \"<p>Stuff</p>\", \"attended\": 100}",
    "approved_go_live_at": null
  }
},
{
  "model": "wagtailcore.pagerevision",
  "pk": 14,
  "fields": {
    "page": 15,
    "submitted_for_moderation": false,
    "created_at": "2019-11-14T20:46:38.858Z",
    "user": 1,
    "content_json": "{\"pk\": 15, \"path\": \"0001000100010005\", \"depth\": 4, \"numchild\": 0, \"title\": \"Future event 25 Dec no notes\", \"draft_title\": \"Future event 25 Dec no notes\", \"slug\": \"future-event-25-dec-no-notes\", \"content_type\": 7, \"live\": true, \"has_unpublished_changes\": false, \"url_path\": \"/home/events-index/future-event-25-dec-no-notes/\", \"owner\": 1, \"seo_title\": \"\", \"show_in_menus\": false, \"search_description\": \"\", \"go_live_at\": null, \"expire_at\": null, \"expired\": false, \"locked\": false, \"first_published_at\": null, \"last_published_at\": null, \"latest_revision_created_at\": null, \"live_revision\": null, \"date\": \"2019-12-25\", \"place\": \"Waterfront\", \"agenda\": \"\", \"notes\": \"\", \"resources\": \"\", \"attended\": null}",
    "approved_go_live_at": null
  }
},
{
  "model": "wagtailcore.pagerevision",
  "pk": 15,
  "fields": {
    "page": 16,
    "submitted_for_moderation": false,
    "created_at": "2019-11-14T20:47:06.662Z",
    "user": 1,
    "content_json": "{\"pk\": 16, \"path\": \"0001000100010006\", \"depth\": 4, \"numchild\": 0, \"title\": \"Oldie event\", \"draft_title\": \"Oldie event\", \"slug\": \"oldie-event\", \"content_type\": 7, \"live\": true, \"has_unpublished_changes\": false, \"url_path\": \"/home/events-index/oldie-event/\", \"owner\": 1, \"seo_title\": \"\", \"show_in_menus\": false, \"search_description\": \"\", \"go_live_at\": null, \"expire_at\": null, \"expired\": false, \"locked\": false, \"first_published_at\": null, \"last_published_at\": null, \"latest_revision_created_at\": null, \"live_revision\": null, \"date\": \"2019-03-11\", \"place\": \"There\", \"agenda\": \"<p>Stuff</p>\", \"notes\": \"\", \"resources\": \"\", \"attended\": 12}",
    "approved_go_live_at": null
  }
},
{
  "model": "wagtailcore.pagerevision",
  "pk": 16,
  "fields": {
    "page": 17,
    "submitted_for_moderation": false,
    "created_at": "2019-11-14T20:47:59.994Z",
    "user": 1,
    "content_json": "{\"pk\": 17, \"path\": \"0001000100010007\", \"depth\": 4, \"numchild\": 0, \"title\": \"More events\", \"draft_title\": \"More events\", \"slug\": \"more-events\", \"content_type\": 7, \"live\": true, \"has_unpublished_changes\": false, \"url_path\": \"/home/events-index/more-events/\", \"owner\": 1, \"seo_title\": \"\", \"show_in_menus\": false, \"search_description\": \"\", \"go_live_at\": null, \"expire_at\": null, \"expired\": false, \"locked\": false, \"first_published_at\": null, \"last_published_at\": null, \"latest_revision_created_at\": null, \"live_revision\": null, \"date\": \"2019-11-02\", \"place\": \"There\", \"agenda\": \"\", \"notes\": \"\", \"resources\": \"\", \"attended\": null}",
    "approved_go_live_at": null
  }
},
{
  "model": "wagtailcore.page",
  "pk": 1,
  "fields": {
    "path": "0001",
    "depth": 1,
    "numchild": 1,
    "title": "Root",
    "draft_title": "Root",
    "slug": "root",
    "content_type": 1,
    "live": true,
    "has_unpublished_changes": false,
    "url_path": "/",
    "owner": null,
    "seo_title": "",
    "show_in_menus": false,
    "search_description": "",
    "go_live_at": null,
    "expire_at": null,
    "expired": false,
    "locked": false,
    "first_published_at": null,
    "last_published_at": null,
    "latest_revision_created_at": null,
    "live_revision": null
  }
},
{
  "model": "wagtailcore.page",
  "pk": 9,
  "fields": {
    "path": "00010001",
    "depth": 2,
    "numchild": 1,
    "title": "Cipug home page",
    "draft_title": "Cipug home page",
    "slug": "home",
    "content_type": 2,
    "live": true,
    "has_unpublished_changes": false,
    "url_path": "/home/",
    "owner": 1,
    "seo_title": "",
    "show_in_menus": false,
    "search_description": "",
    "go_live_at": null,
    "expire_at": null,
    "expired": false,
    "locked": false,
    "first_published_at": "2019-11-08T22:52:39.321Z",
    "last_published_at": "2019-11-14T06:31:19.718Z",
    "latest_revision_created_at": "2019-11-14T06:31:19.333Z",
    "live_revision": 8
  }
},
{
  "model": "wagtailcore.page",
  "pk": 10,
  "fields": {
    "path": "000100010001",
    "depth": 3,
    "numchild": 7,
    "title": "Events index",
    "draft_title": "Events index",
    "slug": "events-index",
    "content_type": 6,
    "live": true,
    "has_unpublished_changes": false,
    "url_path": "/home/events-index/",
    "owner": 1,
    "seo_title": "",
    "show_in_menus": false,
    "search_description": "",
    "go_live_at": null,
    "expire_at": null,
    "expired": false,
    "locked": false,
    "first_published_at": "2019-11-14T06:54:33.666Z",
    "last_published_at": "2019-11-14T06:54:33.666Z",
    "latest_revision_created_at": "2019-11-14T06:54:33.400Z",
    "live_revision": 9
  }
},
{
  "model": "wagtailcore.page",
  "pk": 11,
  "fields": {
    "path": "0001000100010001",
    "depth": 4,
    "numchild": 0,
    "title": "Event 1",
    "draft_title": "Event 1",
    "slug": "event-1",
    "content_type": 7,
    "live": true,
    "has_unpublished_changes": false,
    "url_path": "/home/events-index/event-1/",
    "owner": 1,
    "seo_title": "",
    "show_in_menus": false,
    "search_description": "",
    "go_live_at": null,
    "expire_at": null,
    "expired": false,
    "locked": false,
    "first_published_at": "2019-11-14T06:55:10.791Z",
    "last_published_at": "2019-11-14T06:55:10.791Z",
    "latest_revision_created_at": "2019-11-14T06:55:10.564Z",
    "live_revision": 10
  }
},
{
  "model": "wagtailcore.page",
  "pk": 12,
  "fields": {
    "path": "0001000100010002",
    "depth": 4,
    "numchild": 0,
    "title": "Awesome event",
    "draft_title": "Awesome event",
    "slug": "awesome-event",
    "content_type": 7,
    "live": true,
    "has_unpublished_changes": false,
    "url_path": "/home/events-index/awesome-event/",
    "owner": 1,
    "seo_title": "",
    "show_in_menus": false,
    "search_description": "",
    "go_live_at": null,
    "expire_at": null,
    "expired": false,
    "locked": false,
    "first_published_at": "2019-11-14T06:55:39.899Z",
    "last_published_at": "2019-11-14T06:55:39.899Z",
    "latest_revision_created_at": "2019-11-14T06:55:39.638Z",
    "live_revision": 11
  }
},
{
  "model": "wagtailcore.page",
  "pk": 13,
  "fields": {
    "path": "0001000100010003",
    "depth": 4,
    "numchild": 0,
    "title": "Future event 11 Dec",
    "draft_title": "Future event 11 Dec",
    "slug": "future-event-11-dec",
    "content_type": 7,
    "live": true,
    "has_unpublished_changes": false,
    "url_path": "/home/events-index/future-event-11-dec/",
    "owner": 1,
    "seo_title": "",
    "show_in_menus": false,
    "search_description": "",
    "go_live_at": null,
    "expire_at": null,
    "expired": false,
    "locked": false,
    "first_published_at": "2019-11-14T06:56:13.234Z",
    "last_published_at": "2019-11-14T06:56:13.234Z",
    "latest_revision_created_at": "2019-11-14T06:56:13.003Z",
    "live_revision": 12
  }
},
{
  "model": "wagtailcore.page",
  "pk": 14,
  "fields": {
    "path": "0001000100010004",
    "depth": 4,
    "numchild": 0,
    "title": "OK Event",
    "draft_title": "OK Event",
    "slug": "ok-event",
    "content_type": 7,
    "live": true,
    "has_unpublished_changes": false,
    "url_path": "/home/events-index/ok-event/",
    "owner": 1,
    "seo_title": "",
    "show_in_menus": false,
    "search_description": "",
    "go_live_at": null,
    "expire_at": null,
    "expired": false,
    "locked": false,
    "first_published_at": "2019-11-14T06:56:42.654Z",
    "last_published_at": "2019-11-14T06:56:42.654Z",
    "latest_revision_created_at": "2019-11-14T06:56:42.439Z",
    "live_revision": 13
  }
},
{
  "model": "wagtailcore.page",
  "pk": 15,
  "fields": {
    "path": "0001000100010005",
    "depth": 4,
    "numchild": 0,
    "title": "Future event 25 Dec no notes",
    "draft_title": "Future event 25 Dec no notes",
    "slug": "future-event-25-dec-no-notes",
    "content_type": 7,
    "live": true,
    "has_unpublished_changes": false,
    "url_path": "/home/events-index/future-event-25-dec-no-notes/",
    "owner": 1,
    "seo_title": "",
    "show_in_menus": false,
    "search_description": "",
    "go_live_at": null,
    "expire_at": null,
    "expired": false,
    "locked": false,
    "first_published_at": "2019-11-14T20:46:39.149Z",
    "last_published_at": "2019-11-14T20:46:39.149Z",
    "latest_revision_created_at": "2019-11-14T20:46:38.858Z",
    "live_revision": 14
  }
},
{
  "model": "wagtailcore.page",
  "pk": 16,
  "fields": {
    "path": "0001000100010006",
    "depth": 4,
    "numchild": 0,
    "title": "Oldie event",
    "draft_title": "Oldie event",
    "slug": "oldie-event",
    "content_type": 7,
    "live": true,
    "has_unpublished_changes": false,
    "url_path": "/home/events-index/oldie-event/",
    "owner": 1,
    "seo_title": "",
    "show_in_menus": false,
    "search_description": "",
    "go_live_at": null,
    "expire_at": null,
    "expired": false,
    "locked": false,
    "first_published_at": "2019-11-14T20:47:06.869Z",
    "last_published_at": "2019-11-14T20:47:06.869Z",
    "latest_revision_created_at": "2019-11-14T20:47:06.662Z",
    "live_revision": 15
  }
},
{
  "model": "wagtailcore.page",
  "pk": 17,
  "fields": {
    "path": "0001000100010007",
    "depth": 4,
    "numchild": 0,
    "title": "More events",
    "draft_title": "More events",
    "slug": "more-events",
    "content_type": 7,
    "live": true,
    "has_unpublished_changes": false,
    "url_path": "/home/events-index/more-events/",
    "owner": 1,
    "seo_title": "",
    "show_in_menus": false,
    "search_description": "",
    "go_live_at": null,
    "expire_at": null,
    "expired": false,
    "locked": false,
    "first_published_at": "2019-11-14T20:48:00.230Z",
    "last_published_at": "2019-11-14T20:48:00.230Z",
    "latest_revision_created_at": "2019-11-14T20:47:59.994Z",
    "live_revision": 16
  }
},
{
  "model": "events.eventpage",
  "pk": 11,
  "fields": {
    "date": "2019-08-05",
    "place": "Waterfront",
    "agenda": "<p>agenda stuff</p>",
    "notes": "<p>blah</p>",
    "resources": "<p>blah</p>",
    "attended": 5
  }
},
{
  "model": "events.eventpage",
  "pk": 12,
  "fields": {
    "date": "2019-09-10",
    "place": "Water",
    "agenda": "<p>Stuff</p>",
    "notes": "<p>Stuff</p>",
    "resources": "<p>Stuff</p>",
    "attended": 1
  }
},
{
  "model": "events.eventpage",
  "pk": 13,
  "fields": {
    "date": "2019-12-11",
    "place": "Water",
    "agenda": "<p>Stuff</p>",
    "notes": "<p>Stuff</p>",
    "resources": "<p>Stuff</p>",
    "attended": null
  }
},
{
  "model": "events.eventpage",
  "pk": 14,
  "fields": {
    "date": "2019-11-05",
    "place": "OFfice",
    "agenda": "<p>Stuff</p>",
    "notes": "<p>Stuff</p>",
    "resources": "<p>Stuff</p>",
    "attended": 100
  }
},
{
  "model": "events.eventpage",
  "pk": 15,
  "fields": {
    "date": "2019-12-25",
    "place": "Waterfront",
    "agenda": "",
    "notes": "",
    "resources": "",
    "attended": null
  }
},
{
  "model": "events.eventpage",
  "pk": 16,
  "fields": {
    "date": "2019-03-11",
    "place": "There",
    "agenda": "<p>Stuff</p>",
    "notes": "",
    "resources": "",
    "attended": 12
  }
},
{
  "model": "events.eventpage",
  "pk": 17,
  "fields": {
    "date": "2019-11-02",
    "place": "There",
    "agenda": "",
    "notes": "",
    "resources": "",
    "attended": null
  }
},
{
  "model": "events.eventindexpage",
  "pk": 10,
  "fields": {
    "intro": "<p>Summary of events</p>"
  }
},
{
  "model": "home.homepage",
  "pk": 9,
  "fields": {
    "body": "<p>thi sis cipug webpage</p>"
  }
}
]
